cluster	gene	p_val_adj	avg_log2FC
0	TNFRSF4	1.5764964703436e-78	1.5341932650946
0	IL7R	3.00147788554919e-77	1.225501804789
0	AQP3	3.70986002442661e-65	1.3738819888566
0	TRAT1	9.87027110532829e-47	1.11172291665585
0	CD40LG	3.33042836862586e-45	1.21434517838577
0	CRIP2	3.16752691905393e-38	1.12859650522149
